{
  "/rad": {
    "min": 0.009999999776482582,
    "max": 1.5,
    "value": 0
  },
  "/rows": {
    "min": 1,
    "max": 10,
    "value": 1
  },
  "/periodicFuncScale": {
    "min": 0.009999999776482582,
    "max": 10,
    "value": 1.0089999437332153
  },
  "/cols": {
    "min": 1,
    "max": 10,
    "value": 1
  },
  "/offScl": {
    "min": 0.0010000000474974513,
    "max": 0.014999999664723873,
    "value": 0.0012799999676644802
  },
  "/sliderSeed": {
    "min": 10000,
    "max": 99999,
    "value": 50499.55078125
  },
  "/mx": {
    "min": 0.009999999776482582,
    "max": 1,
    "value": 0.5
  },
  "/scl": {
    "min": 0.0010000000474974513,
    "max": 0.0989999994635582,
    "value": 0.0989999994635582
  },
  "/my": {
    "min": 0.009999999776482582,
    "max": 1,
    "value": 0.5
  },
  "/dotSizePct": {
    "min": 0,
    "max": 1,
    "value": 1
  }
}