{
  "/rad": {
    "min": 0.009999999776482582,
    "max": 1.5,
    "value": 0.47189998626708984
  },
  "/rows": {
    "min": 1,
    "max": 10,
    "value": 1
  },
  "/periodicFuncScale": {
    "min": 0.009999999776482582,
    "max": 10,
    "value": 6.90310001373291
  },
  "/cols": {
    "min": 1,
    "max": 10,
    "value": 3.5199999809265137
  },
  "/offScl": {
    "min": 0.0010000000474974513,
    "max": 0.014999999664723873,
    "value": 0.014999999664723873
  },
  "/sliderSeed": {
    "min": 10000,
    "max": 99999,
    "value": 59499.44921875
  },
  "/mx": {
    "min": 0.009999999776482582,
    "max": 1,
    "value": 0.5
  },
  "/scl": {
    "min": 0.0010000000474974513,
    "max": 0.0989999994635582,
    "value": 0.07547999918460846
  },
  "/my": {
    "min": 0.009999999776482582,
    "max": 1,
    "value": 0.5
  },
  "/dotSizePct": {
    "min": 0,
    "max": 2,
    "value": 0.6800000071525574
  }
}