{
  "/rad": {
    "min": 0.009999999776482582,
    "max": 1.5,
    "value": 1.2999999523162842
  },
  "/rows": {
    "min": 1,
    "max": 10,
    "value": 1
  },
  "/periodicFuncScale": {
    "min": 0.009999999776482582,
    "max": 10,
    "value": 1
  },
  "/cols": {
    "min": 1,
    "max": 10,
    "value": 1
  },
  "/offScl": {
    "min": 0.0010000000474974513,
    "max": 0.014999999664723873,
    "value": 0.00953999999910593
  },
  "/sliderSeed": {
    "min": 10000,
    "max": 99999,
    "value": 10000
  },
  "/mx": {
    "min": 0.009999999776482582,
    "max": 1,
    "value": 0.5
  },
  "/scl": {
    "min": 0.0010000000474974513,
    "max": 0.0989999994635582,
    "value": 0.017999999225139618
  },
  "/my": {
    "min": 0.009999999776482582,
    "max": 1,
    "value": 0.6930999755859375
  },
  "/dotSizePct": {
    "min": 0,
    "max": 2,
    "value": 0.009999999776482582
  }
}