{
  "/rows": {
    "min": 1,
    "max": 10,
    "value": 1
  },
  "/periodicFuncScale": {
    "min": 0.009999999776482582,
    "max": 10,
    "value": 1.0089999437332153
  },
  "/cols": {
    "min": 1,
    "max": 10,
    "value": 1
  },
  "/numFrames": {
    "min": 10,
    "max": 1000,
    "value": 148.60000610351562
  },
  "/offScl": {
    "min": 0.0010000000474974513,
    "max": 0.014999999664723873,
    "value": 0.0012799999676644802
  },
  "/sliderSeed": {
    "min": 10000,
    "max": 99999,
    "value": 50499.55078125
  },
  "/rad": {
    "min": 0.009999999776482582,
    "max": 3,
    "value": 0.4883999824523926
  },
  "/offMultX": {
    "min": 0,
    "max": 1000,
    "value": 1000
  },
  "/offMultY": {
    "min": 0,
    "max": 1000,
    "value": 1000
  },
  "/mx": {
    "min": 0.009999999776482582,
    "max": 1,
    "value": 0.5
  },
  "/scl": {
    "min": 0.0010000000474974513,
    "max": 0.0989999994635582,
    "value": 0.0989999994635582
  },
  "/my": {
    "min": 0.009999999776482582,
    "max": 1,
    "value": 0.5
  },
  "/bgFill": {
    "min": 0,
    "max": 255,
    "value": 255
  },
  "/dotSizePct": {
    "min": 0,
    "max": 0.550000011920929,
    "value": 0.009999999776482582
  }
}