{
  "/rows": {
    "min": 1,
    "max": 10,
    "value": 1
  },
  "/periodicFuncScale": {
    "min": 0.009999999776482582,
    "max": 10,
    "value": 1.0089999437332153
  },
  "/cols": {
    "min": 1,
    "max": 10,
    "value": 4
  },
  "/numFrames": {
    "min": 10,
    "max": 1000,
    "value": 138.6999969482422
  },
  "/offScl": {
    "min": 0.0010000000474974513,
    "max": 0.014999999664723873,
    "value": 0.0012799999676644802
  },
  "/sliderSeed": {
    "min": 10000,
    "max": 99999,
    "value": 50499.55078125
  },
  "/rad": {
    "min": 0.009999999776482582,
    "max": 3,
    "value": 1.2059999704360962
  },
  "/offMultX": {
    "min": 0,
    "max": 1000,
    "value": 20
  },
  "/offMultY": {
    "min": 0,
    "max": 1000,
    "value": 30
  },
  "/mx": {
    "min": 0.009999999776482582,
    "max": 1,
    "value": 0.13870000839233398
  },
  "/scl": {
    "min": 0.0010000000474974513,
    "max": 0.0989999994635582,
    "value": 0.0480399951338768
  },
  "/my": {
    "min": 0.009999999776482582,
    "max": 1,
    "value": 0.5049999952316284
  },
  "/bgFill": {
    "min": 0,
    "max": 255,
    "value": 68.8499984741211
  },
  "/dotSizePct": {
    "min": 0,
    "max": 0.550000011920929,
    "value": 0.08249999582767487
  }
}